make,records,avg_msrp
Porsche,136,101622.4
Mercedes-Benz,341,72069.53
Land Rover,139,68067.09
BMW,324,62162.56
Cadillac,396,56368.27
Audi,321,54574.12
Lexus,202,47549.07
Lincoln,160,43860.82
Infiniti,328,42640.27
Acura,246,35087.49
GMC,482,32444.09
Volvo,266,29724.68
Chevrolet,1083,29074.73
Buick,190,29034.19
Volkswagen,568,28978.52
Nissan,551,28921.15
Toyota,719,28846.56
Ford,825,28511.31
Saab,109,27879.81
Chrysler,187,26722.96
Honda,433,26655.15
Kia,229,25513.76
Hyundai,259,24926.26
Dodge,529,24857.05
Subaru,239,24240.67
Mitsubishi,208,21340.56
Mazda,412,20416.62
Pontiac,181,19800.04
Suzuki,342,18026.42
Oldsmobile,132,12843.8
