removed_source_row_id,kept_source_row_id
15,12
19,18
21,18
25,23
26,23
89,88
93,92
95,94
110,108
127,126
138,137
142,134
253,252
414,413
415,412
432,429
433,428
436,430
437,434
678,677
742,741
743,739
754,752
776,774
779,777
784,781
788,782
789,783
790,786
902,897
904,903
914,913
917,916
920,919
988,985
989,986
1284,1260
1471,1470
1756,1753
1757,1755
1758,1750
1759,1749
1760,1754
1762,1751
1763,1761
1764,1752
1765,1748
1769,1767
1771,1770
1774,1768
1776,1775
1777,1773
1803,1799
1805,1802
1807,1795
1808,1793
1811,1801
1812,1796
1813,1798
1814,1809
1817,1800
1819,1794
1820,1818
1821,1815
1831,1828
1838,1827
1842,1839
1843,1832
1845,1830
1846,1844
1848,1836
1849,1833
1852,1825
1854,1850
1857,1829
1858,1824
1859,1855
1860,1856
1861,1837
1866,1863
1872,1870
1873,1865
1875,1864
1876,1862
1877,1871
1878,1868
1879,1867
1880,1874
1881,1869
1889,1887
1890,1883
1891,1888
1900,1898
1906,1902
1909,1904
1910,1897
1912,1892
1915,1903
1916,1893
1917,1895
1918,1894
1919,1896
1920,1908
1921,1901
1925,1924
1926,1914
1927,1885
1929,1922
1930,1886
1937,1932
1940,1939
1941,1933
1943,1935
1945,1942
1946,1936
1947,1934
1948,1931
1949,1944
2020,2019
2022,2021
2025,2024
2027,2026
2028,2026
2029,2024
2030,2026
2031,2024
2044,2043
2119,2117
2125,2124
2126,2124
2128,2127
2246,2245
2253,2251
2263,2260
2314,2313
2398,2396
2401,2400
2402,2399
2403,2395
2404,2394
2410,2408
2411,2408
2413,2412
2414,2408
2416,2405
2417,2406
2418,2415
2419,2407
2421,2420
2423,2420
2424,2420
2425,2422
2509,2508
2513,2512
2585,2579
2610,2604
2816,2814
2820,2818
2821,2819
2825,2822
2828,2827
2838,2837
2840,2839
2915,2914
2916,2914
2917,2914
2919,2918
3305,3302
3306,3299
3311,3308
3314,3307
3326,3325
3335,3334
3370,3367
3377,3376
3426,3423
3437,3422
3441,3434
3444,3425
3458,3454
3459,3456
3463,3460
3468,3464
3476,3474
3480,3471
3481,3477
3483,3470
3509,3507
3512,3510
3516,3515
3518,3517
3648,3647
3649,3646
3660,3658
3661,3659
3663,3662
3665,3664
3679,3676
3681,3674
3685,3673
3686,3672
3687,3684
3691,3690
3696,3693
3701,3692
3702,3697
3706,3705
3710,3709
3713,3712
3791,3789
3815,3814
3817,3816
3818,3816
3819,3816
3821,3820
3822,3820
3825,3824
3863,3858
3870,3867
3874,3872
3877,3873
3889,3888
3890,3888
3891,3888
3965,3964
3967,3966
4224,4223
4259,4258
4292,4290
4362,4358
4420,4419
4421,4418
4662,4661
4664,4663
4666,4665
4892,4891
5245,5243
5327,5326
5329,5328
5330,5328
5331,5326
5333,5332
5335,5334
5340,5336
5341,5337
5343,5339
5344,5342
5345,5338
5347,5346
5610,5606
5616,5613
5617,5608
5618,5607
5621,5609
5622,5612
5623,5611
5624,5620
5628,5627
5630,5626
5631,5615
5632,5625
5633,5605
5634,5619
5635,5614
5636,5629
5645,5641
5652,5650
5655,5651
5656,5653
5658,5640
5660,5643
5662,5638
5663,5654
5664,5657
5666,5642
5667,5647
5668,5665
5669,5648
5670,5659
5671,5661
5672,5649
5673,5639
5674,5644
5675,5637
5676,5646
5830,5825
5838,5836
5902,5900
5904,5901
5905,5903
5906,5899
5910,5908
5912,5909
5913,5911
5914,5907
5996,5995
5999,5997
6006,6005
6008,6003
6013,6011
6014,6002
6016,6007
6018,6010
6019,6015
6020,6012
6021,6017
6022,6001
6023,6004
6024,6009
6032,6026
6034,6028
6035,6031
6036,6029
6037,6033
6038,6025
6040,6027
6041,6030
6043,6042
6044,6039
6056,6053
6057,6054
6059,6058
6064,6062
6068,6067
6073,6070
6077,6076
6078,6075
6088,6085
6089,6081
6091,6086
6092,6087
6103,6100
6107,6096
6109,6106
6111,6104
6114,6097
6117,6095
6118,6113
6119,6098
6125,6115
6135,6133
6136,6128
6143,6132
6146,6145
6147,6129
6148,6131
6188,6187
6197,6196
6288,6278
6289,6284
6516,6515
6517,6515
6518,6514
6519,6515
6522,6520
6523,6521
6524,6520
6525,6521
6526,6520
6555,6554
6660,6658
6678,6675
6685,6683
6702,6701
6708,6707
6710,6709
6712,6711
6941,6940
6943,6942
6945,6944
7097,7095
7133,7131
7138,7137
7139,7136
7142,7141
7143,7140
7145,7144
7147,7146
7184,7182
7185,7183
7192,7191
7195,7190
7197,7193
7198,7196
7201,7190
7202,7200
7203,7194
7204,7190
7205,7199
7207,7206
7209,7208
7212,7211
7213,7210
7216,7214
7219,7217
7220,7215
7221,7217
7223,7218
7224,7217
7225,7222
7230,7229
7232,7229
7248,7244
7249,7240
7453,7452
7459,7456
7460,7450
7463,7457
7467,7454
7469,7464
7470,7462
7471,7466
7472,7458
7477,7476
7482,7479
7483,7481
7484,7473
7485,7478
7486,7474
7487,7475
7575,7574
7591,7588
7609,7608
7621,7614
7628,7623
7639,7630
7650,7648
7655,7652
7717,7716
7721,7720
7898,7897
7899,7894
7901,7896
7995,7994
7997,7996
8000,7999
8001,7998
8006,8005
8007,8004
8008,8002
8009,8003
8012,8011
8013,8010
8015,8014
8040,8038
8042,8041
8044,8043
8047,8043
8048,8043
8049,8043
8050,8043
8051,8045
8052,8043
8053,8046
8054,8043
8058,8057
8060,8055
8061,8057
8062,8057
8063,8055
8064,8056
8065,8059
8066,8059
8067,8055
8068,8059
8070,8069
8071,8069
8074,8073
8075,8072
8076,8073
8077,8072
8080,8073
8081,8072
8082,8069
8085,8083
8087,8083
8088,8086
8090,8084
8091,8089
8092,8089
8095,8094
8097,8093
8099,8098
8107,8103
8112,8111
8113,8110
8114,8111
8115,8108
8117,8109
8120,8119
8121,8119
8124,8123
8125,8123
8223,8221
8224,8222
8225,8221
8226,8222
8229,8227
8230,8228
8231,8228
8232,8227
8233,8228
8234,8227
8237,8235
8238,8235
8239,8236
8240,8236
8241,8235
8242,8236
8246,8245
8251,8245
8255,8245
8284,8283
8494,8493
8538,8537
8541,8540
8547,8545
8562,8560
8565,8563
8614,8610
8616,8609
8617,8615
8717,8716
8720,8719
8722,8718
8725,8723
8727,8726
8729,8728
8730,8728
8731,8724
8732,8726
8733,8723
8734,8724
8738,8735
8739,8737
8741,8736
8742,8736
8743,8735
8744,8737
8745,8740
8746,8740
8783,8782
8785,8784
8786,8782
8787,8784
8791,8790
8793,8792
8794,8792
8795,8790
8796,8788
8797,8789
8798,8788
8799,8790
8801,8800
8804,8803
8805,8800
8806,8800
8807,8803
8809,8802
8810,8802
8811,8800
8812,8808
8813,8800
8814,8800
8815,8802
8816,8808
8817,8802
8818,8802
8920,8919
8974,8970
8975,8971
8990,8989
8991,8987
9046,9044
9049,9047
9052,9051
9108,9107
9110,9109
9150,9147
9153,9151
9156,9152
9157,9148
9164,9162
9185,9180
9198,9193
9654,9653
9715,9714
9718,9717
9722,9719
9723,9720
9724,9720
9727,9725
9728,9721
9729,9726
9730,9720
9734,9733
9738,9732
9740,9736
9741,9735
9742,9739
9747,9745
9749,9743
9752,9746
9753,9750
9754,9744
9938,9937
9940,9939
9942,9941
9944,9943
9989,9988
9991,9990
9994,9993
10062,10059
10064,10063
10066,10065
10068,10067
10079,10077
10080,10076
10106,10104
10113,10112
10197,10191
10199,10193
10211,10204
10214,10189
10224,10215
10226,10222
10230,10216
10235,10220
10242,10232
10321,10320
10327,10326
10330,10328
10512,10511
10514,10513
10516,10515
10651,10649
10654,10646
10656,10648
10657,10653
10658,10647
10659,10650
10660,10652
10665,10663
10667,10664
10668,10661
10671,10662
10672,10666
10674,10673
10675,10670
10681,10677
10685,10678
10687,10682
10688,10679
10689,10684
10690,10676
10691,10686
10780,10775
10781,10778
10850,10849
10932,10930
10956,10936
10964,10960
10980,10976
10992,10983
10993,10987
11005,10984
11035,11019
11048,11023
11052,11025
11067,11039
11071,11070
11075,11074
11082,11081
11086,11079
11088,11087
11092,11089
11104,11102
11105,11103
11185,11183
11187,11186
11188,11186
11189,11186
11191,11190
11192,11190
11193,11190
11197,11194
11199,11196
11203,11200
11204,11202
11220,11219
11222,11221
11224,11223
11225,11218
11226,11223
11228,11217
11229,11218
11233,11232
11241,11237
11242,11238
11245,11243
11246,11244
11376,11375
11378,11377
11380,11379
11384,11382
11389,11385
11393,11390
11422,11421
11465,11461
11472,11469
11482,11481
11604,11602
11605,11601
11709,11708
11718,11710
